{"Statistics":[{"numHomes":30190,"grossLossRatio":0.006845533841227779,"netLossRatio":0.009779334058896829,"totalPayout":31000,"avgPayout":2818.181818181818,"maxPayout":5000,"numPayouts":11}]}