{"Statistics":[{"numHomes":723,"grossLossRatio":33.67911479944675,"netLossRatio":48.11302114206679,"totalPayout":3652500,"avgPayout":5051.867219917012,"maxPayout":15000,"numPayouts":723}]}