{"Statistics":[{"numHomes":30190,"grossLossRatio":0.26896323285856244,"netLossRatio":0.38423318979794635,"totalPayout":406000,"avgPayout":3123.076923076923,"maxPayout":10000,"numPayouts":130}]}