{"Statistics":[{"numHomes":30190,"grossLossRatio":0.15590151264215524,"netLossRatio":0.22271644663165036,"totalPayout":706000,"avgPayout":3696.3350785340313,"maxPayout":10000,"numPayouts":191}]}