{"Statistics":[{"numHomes":30190,"grossLossRatio":1.6820139118913549,"netLossRatio":2.40287701698765,"totalPayout":2539000,"avgPayout":7112.044817927171,"maxPayout":15000,"numPayouts":357}]}