{"Statistics":[{"numHomes":40007,"grossLossRatio":0.09923263428899942,"netLossRatio":0.14176090612714204,"totalPayout":198500,"avgPayout":3053.846153846154,"maxPayout":7500,"numPayouts":65}]}