{"Statistics":[{"numHomes":651,"grossLossRatio":35.048643113159244,"netLossRatio":50.06949016165606,"totalPayout":3422500,"avgPayout":5257.296466973887,"maxPayout":15000,"numPayouts":651}]}