{"Statistics":[{"numHomes":1203,"grossLossRatio":29.348850096979774,"netLossRatio":41.92692870997111,"totalPayout":5296000,"avgPayout":4402.327514546966,"maxPayout":15000,"numPayouts":1203}]}