{"Statistics":[{"numHomes":30190,"grossLossRatio":0.1409959147620625,"netLossRatio":0.201422735374375,"totalPayout":638500,"avgPayout":4660.58394160584,"maxPayout":10000,"numPayouts":137}]}