{"Statistics":[{"numHomes":40007,"grossLossRatio":0.05549028919939011,"netLossRatio":0.07927184171341445,"totalPayout":111000,"avgPayout":2176.470588235294,"maxPayout":5000,"numPayouts":51}]}