{"Statistics":[{"numHomes":30190,"grossLossRatio":0.13967097272827647,"netLossRatio":0.19952996104039497,"totalPayout":632500,"avgPayout":6454.081632653061,"maxPayout":10000,"numPayouts":98}]}