{"Statistics":[{"numHomes":30190,"grossLossRatio":0.35674064259688637,"netLossRatio":0.5096294894241234,"totalPayout":538500,"avgPayout":3713.793103448276,"maxPayout":7500,"numPayouts":145}]}