{"Statistics":[{"numHomes":30190,"grossLossRatio":0.19233741857127085,"netLossRatio":0.19233741857127085,"totalPayout":638500,"avgPayout":4660.58394160584,"maxPayout":10000}]}