{"Statistics":[{"numHomes":40007,"grossLossRatio":0.25145599520083983,"netLossRatio":0.3592228502869141,"totalPayout":503000,"avgPayout":3375.8389261744965,"maxPayout":7500,"numPayouts":149}]}