{"Statistics":[{"numHomes":37797,"grossLossRatio":0.36881233960367227,"netLossRatio":0.526874770862389,"totalPayout":697000,"avgPayout":3649.214659685864,"maxPayout":7500,"numPayouts":191}]}