{"Statistics":[{"numHomes":40007,"grossLossRatio":0.1154797910365686,"netLossRatio":0.16497113005224087,"totalPayout":231000,"avgPayout":3347.8260869565215,"maxPayout":5000,"numPayouts":69}]}