{"Statistics":[{"numHomes":40007,"grossLossRatio":0.07823630864598695,"netLossRatio":0.11176615520855279,"totalPayout":156500,"avgPayout":4118.421052631579,"maxPayout":7500,"numPayouts":38}]}