{"Statistics":[{"numHomes":40007,"grossLossRatio":1.500987327217737,"netLossRatio":2.144267610311053,"totalPayout":3002500,"avgPayout":7269.97578692494,"maxPayout":15000,"numPayouts":413}]}