{"Statistics":[{"numHomes":1002,"grossLossRatio":30.246174318030604,"netLossRatio":43.20882045432944,"totalPayout":4546000,"avgPayout":4536.926147704591,"maxPayout":15000,"numPayouts":1002}]}