{"Statistics":[{"numHomes":30190,"grossLossRatio":0.23153362040410733,"netLossRatio":0.3307623148630105,"totalPayout":1048500,"avgPayout":3426.470588235294,"maxPayout":10000,"numPayouts":306}]}