{"Statistics":[{"numHomes":40007,"grossLossRatio":0.23220936336141176,"netLossRatio":0.33172766194487396,"totalPayout":464500,"avgPayout":4184.684684684685,"maxPayout":7500,"numPayouts":111}]}