{"Statistics":[{"numHomes":40007,"grossLossRatio":0.2624540705376559,"netLossRatio":0.3749343864823656,"totalPayout":525000,"avgPayout":4565.217391304348,"maxPayout":10000,"numPayouts":115}]}