{"Statistics":[{"numHomes":30190,"grossLossRatio":0.3229546207353428,"netLossRatio":0.46136374390763263,"totalPayout":487500,"avgPayout":4028.9256198347107,"maxPayout":7500,"numPayouts":121}]}