{"Statistics":[{"numHomes":30190,"grossLossRatio":0.10820359942585846,"netLossRatio":0.15457657060836924,"totalPayout":490000,"avgPayout":5903.614457831325,"maxPayout":10000,"numPayouts":83}]}