{"Statistics":[{"numHomes":40007,"grossLossRatio":0.37643412402829507,"netLossRatio":0.5377630343261358,"totalPayout":753000,"avgPayout":4092.391304347826,"maxPayout":7500,"numPayouts":184}]}