{"Statistics":[{"numHomes":55,"grossLossRatio":38.06060606060606,"netLossRatio":54.37229437229438,"totalPayout":314000,"avgPayout":5709.090909090909,"maxPayout":7500,"numPayouts":55}]}