{"Statistics":[{"numHomes":30190,"grossLossRatio":0.3002097824886828,"netLossRatio":0.3002097824886828,"totalPayout":150000,"avgPayout":15000,"maxPayout":15000}]}