{"Statistics":[{"numHomes":40007,"grossLossRatio":0.10148224060789361,"netLossRatio":0.144974629439848,"totalPayout":203000,"avgPayout":2306.818181818182,"maxPayout":5000,"numPayouts":88}]}