{"Statistics":[{"numHomes":37797,"grossLossRatio":0.1853762644301576,"netLossRatio":0.26482323490022514,"totalPayout":1051000,"avgPayout":2977.3371104815865,"maxPayout":7500,"numPayouts":353}]}