{"Statistics":[{"numHomes":40007,"grossLossRatio":0.01899667558177319,"netLossRatio":0.0271381079739617,"totalPayout":38000,"avgPayout":2000,"maxPayout":2000,"numPayouts":19}]}