{"Statistics":[{"numHomes":40007,"grossLossRatio":0.17671907416202165,"netLossRatio":0.2524558202314595,"totalPayout":353500,"avgPayout":5891.666666666667,"maxPayout":7500,"numPayouts":60}]}