{"Statistics":[{"numHomes":37797,"grossLossRatio":0.5561287932904728,"netLossRatio":0.7944697047006755,"totalPayout":1051000,"avgPayout":2977.3371104815865,"maxPayout":7500,"numPayouts":353}]}