{"Statistics":[{"numHomes":1051,"grossLossRatio":30.279099270535998,"netLossRatio":43.25585610076571,"totalPayout":4773500,"avgPayout":4541.864890580399,"maxPayout":15000,"numPayouts":1051}]}