{"Statistics":[{"numHomes":30190,"grossLossRatio":0.2696257038754554,"netLossRatio":0.3851795769649363,"totalPayout":407000,"avgPayout":4625,"maxPayout":10000,"numPayouts":88}]}