{"Statistics":[{"numHomes":521,"grossLossRatio":38.413307741522715,"netLossRatio":54.87615391646102,"totalPayout":3002000,"avgPayout":5761.996161228407,"maxPayout":15000,"numPayouts":521}]}