{"Statistics":[{"numHomes":30190,"grossLossRatio":0.30860108203599423,"netLossRatio":0.30860108203599423,"totalPayout":112000,"avgPayout":2545.4545454545455,"maxPayout":5000}]}