{"Statistics":[{"numHomes":510,"grossLossRatio":38.95424836601307,"netLossRatio":55.64892623716153,"totalPayout":2980000,"avgPayout":5843.137254901961,"maxPayout":15000,"numPayouts":510}]}