{"Statistics":[{"numHomes":30190,"grossLossRatio":0.16296787015568068,"netLossRatio":0.23281124307954384,"totalPayout":246000,"avgPayout":3037.037037037037,"maxPayout":5000,"numPayouts":81}]}