{"Statistics":[{"numHomes":30190,"grossLossRatio":0.3333333333333333,"netLossRatio":0.3333333333333333,"totalPayout":0,"avgPayout":null,"maxPayout":0}]}