{"Statistics":[{"numHomes":1109,"grossLossRatio":29.464983468590322,"netLossRatio":42.092833526557605,"totalPayout":4901500,"avgPayout":4419.747520288548,"maxPayout":15000,"numPayouts":1109}]}