{"Statistics":[{"numHomes":30190,"grossLossRatio":0.3083802583636966,"netLossRatio":0.3083802583636966,"totalPayout":113000,"avgPayout":2825,"maxPayout":5000}]}