{"Statistics":[{"numHomes":1350,"grossLossRatio":28.07901234567901,"netLossRatio":40.11287477954145,"totalPayout":5686000,"avgPayout":4211.851851851852,"maxPayout":15000,"numPayouts":1350}]}