{"Statistics":[{"numHomes":30190,"grossLossRatio":1.8913547532295463,"netLossRatio":2.7019353617564947,"totalPayout":2855000,"avgPayout":5910.973084886128,"maxPayout":15000,"numPayouts":483}]}