{"Statistics":[{"numHomes":40007,"grossLossRatio":0.34069037918364287,"netLossRatio":0.4867005416909184,"totalPayout":681500,"avgPayout":4454.248366013072,"maxPayout":10000,"numPayouts":153}]}