{"Statistics":[{"numHomes":37797,"grossLossRatio":19.848914069877242,"netLossRatio":28.35559152839606,"totalPayout":1051000,"avgPayout":2977.3371104815865,"maxPayout":7500,"numPayouts":353}]}