{"Statistics":[{"numHomes":1280,"grossLossRatio":28.541666666666668,"netLossRatio":40.773809523809526,"totalPayout":5480000,"avgPayout":4281.25,"maxPayout":15000,"numPayouts":1280}]}