{"Statistics":[{"numHomes":197,"grossLossRatio":25.44839255499154,"netLossRatio":36.35484650713077,"totalPayout":752000,"avgPayout":3817.258883248731,"maxPayout":10000,"numPayouts":197}]}