{"Statistics":[{"numHomes":28842,"grossLossRatio":0.018029262880521462,"netLossRatio":0.025756089829316375,"totalPayout":26000,"avgPayout":2000,"maxPayout":2000,"numPayouts":13}]}