{"Statistics":[{"numHomes":28842,"grossLossRatio":0.003952569169960474,"netLossRatio":0.003952569169960474,"totalPayout":1425000,"avgPayout":4398.148148148148,"maxPayout":5000}]}