{"Statistics":[{"numHomes":40054,"grossLossRatio":0.02446696959105208,"netLossRatio":0.03495281370150297,"totalPayout":49000,"avgPayout":3500,"maxPayout":5000,"numPayouts":14}]}