{"Statistics":[{"numHomes":40054,"grossLossRatio":0.05043191691216857,"netLossRatio":0.07204559558881225,"totalPayout":101000,"avgPayout":2970.5882352941176,"maxPayout":5000,"numPayouts":34}]}