{"Statistics":[{"numHomes":28842,"grossLossRatio":0.7360793287566743,"netLossRatio":1.0515418982238205,"totalPayout":1061500,"avgPayout":2660.4010025062657,"maxPayout":7500,"numPayouts":399}]}