{"Statistics":[{"numHomes":28842,"grossLossRatio":0.23091325150821718,"netLossRatio":0.3298760735831674,"totalPayout":333000,"avgPayout":3171.4285714285716,"maxPayout":10000,"numPayouts":105}]}