{"Statistics":[{"numHomes":40054,"grossLossRatio":0.012732810705547512,"netLossRatio":0.018189729579353588,"totalPayout":25500,"avgPayout":3642.8571428571427,"maxPayout":7500,"numPayouts":7}]}