{"Statistics":[{"numHomes":28842,"grossLossRatio":0.10366826156299841,"netLossRatio":0.14809751651856917,"totalPayout":149500,"avgPayout":2411.2903225806454,"maxPayout":10000,"numPayouts":62}]}