{"Statistics":[{"numHomes":28842,"grossLossRatio":14.021912488731711,"netLossRatio":20.031303555331018,"totalPayout":20221000,"avgPayout":2453.707074384177,"maxPayout":10000,"numPayouts":8241}]}