{"Statistics":[{"numHomes":40054,"grossLossRatio":0.021221351175912517,"netLossRatio":0.03031621596558931,"totalPayout":42500,"avgPayout":6071.428571428572,"maxPayout":10000,"numPayouts":7}]}