{"Statistics":[{"numHomes":28842,"grossLossRatio":0.08598571527633313,"netLossRatio":0.12283673610904733,"totalPayout":124000,"avgPayout":2883.720930232558,"maxPayout":7500,"numPayouts":43}]}