{"Statistics":[{"numHomes":40054,"grossLossRatio":0.18325260897787987,"netLossRatio":0.26178944139697125,"totalPayout":367000,"avgPayout":2050.2793296089385,"maxPayout":5000,"numPayouts":179}]}