{"Statistics":[{"numHomes":40054,"grossLossRatio":0.09187596744395067,"netLossRatio":0.1312513820627867,"totalPayout":184000,"avgPayout":3833.3333333333335,"maxPayout":7500,"numPayouts":48}]}