{"Statistics":[{"numHomes":40054,"grossLossRatio":0.008987866380386478,"netLossRatio":0.012839809114837827,"totalPayout":18000,"avgPayout":2000,"maxPayout":2000,"numPayouts":9}]}