{"Statistics":[{"numHomes":40054,"grossLossRatio":0.03195685824137415,"netLossRatio":0.0456526546305345,"totalPayout":64000,"avgPayout":2000,"maxPayout":2000,"numPayouts":32}]}