{"Statistics":[{"numHomes":40054,"grossLossRatio":0.0039946072801717684,"netLossRatio":0.0057065818288168126,"totalPayout":8000,"avgPayout":2000,"maxPayout":2000,"numPayouts":4}]}