{"Statistics":[{"numHomes":28842,"grossLossRatio":0.32938076416337286,"netLossRatio":0.4705439488048184,"totalPayout":1425000,"avgPayout":4398.148148148148,"maxPayout":5000,"numPayouts":324}]}