{"Statistics":[{"numHomes":40054,"grossLossRatio":0.8134019074249763,"netLossRatio":1.1620027248928233,"totalPayout":1629000,"avgPayout":4450.819672131148,"maxPayout":5000,"numPayouts":366}]}