{"Statistics":[{"numHomes":40054,"grossLossRatio":0.015978429120687074,"netLossRatio":0.02282632731526725,"totalPayout":32000,"avgPayout":2000,"maxPayout":2000,"numPayouts":16}]}