{"Statistics":[{"numHomes":39901,"grossLossRatio":0.0025062028520588457,"netLossRatio":0.003580289788655494,"totalPayout":5000,"avgPayout":5000,"maxPayout":5000,"numPayouts":1}]}