{"Statistics":[{"numHomes":39901,"grossLossRatio":0.007017367985764768,"netLossRatio":0.010024811408235383,"totalPayout":14000,"avgPayout":2000,"maxPayout":2000,"numPayouts":7}]}