{"Statistics":[{"numHomes":39901,"grossLossRatio":0.004511165133705922,"netLossRatio":0.006444521619579889,"totalPayout":9000,"avgPayout":3000,"maxPayout":5000,"numPayouts":3}]}