{"Statistics":[{"numHomes":32485,"grossLossRatio":0.01600738802524242,"netLossRatio":0.022867697178917745,"totalPayout":26000,"avgPayout":2000,"maxPayout":2000,"numPayouts":13}]}