{"Statistics":[{"numHomes":39901,"grossLossRatio":0.0010024811408235383,"netLossRatio":0.0014321159154621977,"totalPayout":2000,"avgPayout":2000,"maxPayout":2000,"numPayouts":1}]}