{"Statistics":[{"numHomes":32485,"grossLossRatio":0.31496588168898465,"netLossRatio":0.31496588168898465,"totalPayout":89500,"avgPayout":2130.9523809523807,"maxPayout":7500}]}