{"Statistics":[{"numHomes":32485,"grossLossRatio":0.9121132830537171,"netLossRatio":1.3030189757910244,"totalPayout":1481500,"avgPayout":2708.4095063985374,"maxPayout":7500,"numPayouts":547}]}