{"Statistics":[{"numHomes":32485,"grossLossRatio":0.058488533169155,"netLossRatio":0.08355504738450714,"totalPayout":95000,"avgPayout":3166.6666666666665,"maxPayout":7500,"numPayouts":30}]}