{"Statistics":[{"numHomes":32485,"grossLossRatio":12.007695859627521,"netLossRatio":17.15385122803932,"totalPayout":19503500,"avgPayout":2418.5887896825398,"maxPayout":7500,"numPayouts":8064}]}