{"Statistics":[{"numHomes":39901,"grossLossRatio":0.05162777875241222,"netLossRatio":0.07375396964630318,"totalPayout":103000,"avgPayout":2060,"maxPayout":5000,"numPayouts":50}]}