{"Statistics":[{"numHomes":32485,"grossLossRatio":0.0723410804986917,"netLossRatio":0.10334440071241673,"totalPayout":117500,"avgPayout":2554.3478260869565,"maxPayout":10000,"numPayouts":46}]}