{"Statistics":[{"numHomes":39901,"grossLossRatio":0.0030074434224706148,"netLossRatio":0.004296347746386593,"totalPayout":6000,"avgPayout":2000,"maxPayout":2000,"numPayouts":3}]}