{"Statistics":[{"numHomes":32485,"grossLossRatio":0.3001385254732954,"netLossRatio":0.42876932210470775,"totalPayout":487500,"avgPayout":4028.9256198347107,"maxPayout":7500,"numPayouts":121}]}