{"Statistics":[{"numHomes":32485,"grossLossRatio":0.018367451644348675,"netLossRatio":0.026239216634783822,"totalPayout":89500,"avgPayout":2130.9523809523807,"maxPayout":7500}]}