{"Statistics":[{"numHomes":39901,"grossLossRatio":0.0373424224956768,"netLossRatio":0.05334631785096686,"totalPayout":74500,"avgPayout":2568.9655172413795,"maxPayout":7500,"numPayouts":29}]}