{"Statistics":[{"numHomes":39901,"grossLossRatio":0.009523570837823613,"netLossRatio":0.013605101196890877,"totalPayout":19000,"avgPayout":2375,"maxPayout":5000,"numPayouts":8}]}