{"Statistics":[{"numHomes":39718,"grossLossRatio":0.0898836799436024,"netLossRatio":0.12840525706228914,"totalPayout":178500,"avgPayout":3432.6923076923076,"maxPayout":7500,"numPayouts":52}]}