{"Statistics":[{"numHomes":39718,"grossLossRatio":0.07402185407120197,"netLossRatio":0.10574550581600282,"totalPayout":147000,"avgPayout":2940,"maxPayout":7500,"numPayouts":50}]}