{"Statistics":[{"numHomes":27810,"grossLossRatio":0.30864197530864196,"netLossRatio":0.30864197530864196,"totalPayout":103000,"avgPayout":2191.4893617021276,"maxPayout":5000}]}