{"Statistics":[{"numHomes":39718,"grossLossRatio":0.08459640465280226,"netLossRatio":0.12085200664686037,"totalPayout":168000,"avgPayout":4540.540540540541,"maxPayout":10000,"numPayouts":37}]}