{"Statistics":[{"numHomes":39718,"grossLossRatio":0.006042600332343018,"netLossRatio":0.008632286189061455,"totalPayout":12000,"avgPayout":2000,"maxPayout":2000,"numPayouts":6}]}