{"Statistics":[{"numHomes":39718,"grossLossRatio":0.1017171055944408,"netLossRatio":0.14531015084920115,"totalPayout":202000,"avgPayout":2729.7297297297296,"maxPayout":7500,"numPayouts":74}]}