{"Statistics":[{"numHomes":39718,"grossLossRatio":0.004028400221562012,"netLossRatio":0.005754857459374304,"totalPayout":8000,"avgPayout":2000,"maxPayout":2000,"numPayouts":4}]}