{"Statistics":[{"numHomes":39718,"grossLossRatio":0.005035500276952516,"netLossRatio":0.00719357182421788,"totalPayout":10000,"avgPayout":2000,"maxPayout":2000,"numPayouts":5}]}