{"Statistics":[{"numHomes":39718,"grossLossRatio":0.02719170149554358,"netLossRatio":0.038845287850776546,"totalPayout":54000,"avgPayout":2000,"maxPayout":2000,"numPayouts":27}]}