{"Statistics":[{"numHomes":39718,"grossLossRatio":0.03575205196636286,"netLossRatio":0.051074359951946945,"totalPayout":71000,"avgPayout":2088.235294117647,"maxPayout":5000,"numPayouts":34}]}