{"Statistics":[{"numHomes":39718,"grossLossRatio":0.01611360088624805,"netLossRatio":0.023019429837497215,"totalPayout":32000,"avgPayout":2000,"maxPayout":2000,"numPayouts":16}]}