{"Statistics":[{"numHomes":27810,"grossLossRatio":0.024691358024691357,"netLossRatio":0.03527336860670194,"totalPayout":103000,"avgPayout":2191.4893617021276,"maxPayout":5000}]}