{"Statistics":[{"numHomes":39718,"grossLossRatio":0.0508585527972204,"netLossRatio":0.07265507542460058,"totalPayout":101000,"avgPayout":3366.6666666666665,"maxPayout":10000,"numPayouts":30}]}