{"Statistics":[{"numHomes":38336,"grossLossRatio":0.08295075125208681,"netLossRatio":0.11850107321726688,"totalPayout":159000,"avgPayout":5888.888888888889,"maxPayout":7500,"numPayouts":27}]}