{"Statistics":[{"numHomes":38336,"grossLossRatio":0.020868113522537562,"netLossRatio":0.029811590746482233,"totalPayout":40000,"avgPayout":2000,"maxPayout":2000,"numPayouts":20}]}