{"Statistics":[{"numHomes":38336,"grossLossRatio":0.002086811352253756,"netLossRatio":0.002981159074648223,"totalPayout":4000,"avgPayout":2000,"maxPayout":2000,"numPayouts":2}]}