{"Statistics":[{"numHomes":38336,"grossLossRatio":0.025041736227045076,"netLossRatio":0.03577390889577868,"totalPayout":48000,"avgPayout":2000,"maxPayout":2000,"numPayouts":24}]}