{"Statistics":[{"numHomes":38336,"grossLossRatio":0.025563439065108513,"netLossRatio":0.036519198664440734,"totalPayout":49000,"avgPayout":3266.6666666666665,"maxPayout":10000,"numPayouts":15}]}