{"Statistics":[{"numHomes":38336,"grossLossRatio":0.007825542570951586,"netLossRatio":0.011179346529930839,"totalPayout":15000,"avgPayout":2500,"maxPayout":5000,"numPayouts":6}]}