{"Statistics":[{"numHomes":38336,"grossLossRatio":0.015651085141903172,"netLossRatio":0.022358693059861677,"totalPayout":30000,"avgPayout":3333.3333333333335,"maxPayout":5000,"numPayouts":9}]}