{"Statistics":[{"numHomes":38336,"grossLossRatio":0.01121661101836394,"netLossRatio":0.016023730026234202,"totalPayout":21500,"avgPayout":2687.5,"maxPayout":7500,"numPayouts":8}]}