{"Statistics":[{"numHomes":29371,"grossLossRatio":0.017250575964954093,"netLossRatio":0.02464367994993442,"totalPayout":76000,"avgPayout":2000,"maxPayout":2000}]}