{"Statistics":[{"numHomes":29371,"grossLossRatio":0.9979231214463246,"netLossRatio":1.4256044592090351,"totalPayout":1465500,"avgPayout":2718.9239332096477,"maxPayout":7500,"numPayouts":539}]}