{"Statistics":[{"numHomes":29371,"grossLossRatio":17.83596064144905,"netLossRatio":25.479943773498643,"totalPayout":26193000,"avgPayout":2333.036430034738,"maxPayout":10000,"numPayouts":11227}]}