{"Statistics":[{"numHomes":29371,"grossLossRatio":0.3101698954751285,"netLossRatio":0.44309985067875507,"totalPayout":455500,"avgPayout":3586.6141732283463,"maxPayout":10000,"numPayouts":127}]}