{"Statistics":[{"numHomes":38336,"grossLossRatio":0.0440838898163606,"netLossRatio":0.06297698545194372,"totalPayout":84500,"avgPayout":7041.666666666667,"maxPayout":10000,"numPayouts":12}]}