{"Statistics":[{"numHomes":29371,"grossLossRatio":0.144019611181097,"netLossRatio":0.20574230168728141,"totalPayout":211500,"avgPayout":4067.3076923076924,"maxPayout":15000,"numPayouts":52}]}