{"Statistics":[{"numHomes":29371,"grossLossRatio":0.4555513942324061,"netLossRatio":0.6507877060462944,"totalPayout":669000,"avgPayout":2947.136563876652,"maxPayout":10000,"numPayouts":227}]}