{"Statistics":[{"numHomes":29371,"grossLossRatio":0.33196009669401794,"netLossRatio":0.4742287095628828,"totalPayout":487500,"avgPayout":4028.9256198347107,"maxPayout":7500,"numPayouts":121}]}