{"Statistics":[{"numHomes":29371,"grossLossRatio":0.31608275736837926,"netLossRatio":0.31608275736837926,"totalPayout":76000,"avgPayout":2000,"maxPayout":2000}]}