{"Statistics":[{"numHomes":38336,"grossLossRatio":4.026502504173623,"netLossRatio":5.752146434533747,"totalPayout":7718000,"avgPayout":2000,"maxPayout":2000,"numPayouts":3859}]}