{"Statistics":[{"numHomes":37611,"grossLossRatio":0.32038499375182794,"netLossRatio":0.4576928482168971,"totalPayout":602500,"avgPayout":3403.954802259887,"maxPayout":7500,"numPayouts":177}]}