{"Statistics":[{"numHomes":37611,"grossLossRatio":1.3868283215016883,"netLossRatio":1.9811833164309836,"totalPayout":2608000,"avgPayout":6687.179487179487,"maxPayout":15000,"numPayouts":390}]}