{"Statistics":[{"numHomes":37611,"grossLossRatio":0.10954242110021005,"netLossRatio":0.15648917300030007,"totalPayout":206000,"avgPayout":2746.6666666666665,"maxPayout":7500,"numPayouts":75}]}