{"Statistics":[{"numHomes":37611,"grossLossRatio":0.3138354913899303,"netLossRatio":0.3138354913899303,"totalPayout":110000,"avgPayout":2972.972972972973,"maxPayout":5000}]}