{"Statistics":[{"numHomes":37611,"grossLossRatio":10.155007843450054,"netLossRatio":14.507154062071507,"totalPayout":19097000,"avgPayout":2413.6754297269968,"maxPayout":5000,"numPayouts":7912}]}