{"Statistics":[{"numHomes":40439,"grossLossRatio":0.09025940305150969,"netLossRatio":0.12894200435929956,"totalPayout":182500,"avgPayout":4451.219512195122,"maxPayout":7500,"numPayouts":41}]}