{"Statistics":[{"numHomes":40439,"grossLossRatio":0.003956576572120972,"netLossRatio":0.005652252245887103,"totalPayout":8000,"avgPayout":2000,"maxPayout":2000,"numPayouts":4}]}