{"Statistics":[{"numHomes":40439,"grossLossRatio":0.05193006750908776,"netLossRatio":0.07418581072726824,"totalPayout":105000,"avgPayout":2692.3076923076924,"maxPayout":5000,"numPayouts":39}]}