{"Statistics":[{"numHomes":40439,"grossLossRatio":0.009891441430302432,"netLossRatio":0.014130630614717761,"totalPayout":20000,"avgPayout":2000,"maxPayout":2000,"numPayouts":10}]}