{"Statistics":[{"numHomes":37611,"grossLossRatio":0.4402967217037569,"netLossRatio":0.6289953167196527,"totalPayout":828000,"avgPayout":3172.4137931034484,"maxPayout":10000,"numPayouts":261}]}