{"Statistics":[{"numHomes":40439,"grossLossRatio":0.08160439179999505,"netLossRatio":0.11657770257142151,"totalPayout":165000,"avgPayout":2894.7368421052633,"maxPayout":7500,"numPayouts":57}]}