{"Statistics":[{"numHomes":40439,"grossLossRatio":0.014837162145453647,"netLossRatio":0.021195945922076638,"totalPayout":30000,"avgPayout":5000,"maxPayout":5000,"numPayouts":6}]}