{"Statistics":[{"numHomes":40439,"grossLossRatio":0.02176117114666535,"netLossRatio":0.03108738735237907,"totalPayout":44000,"avgPayout":3384.6153846153848,"maxPayout":5000,"numPayouts":13}]}