{"Statistics":[{"numHomes":37611,"grossLossRatio":0.019497841943403083,"netLossRatio":0.027854059919147262,"totalPayout":110000,"avgPayout":2972.972972972973,"maxPayout":5000,"numPayouts":37}]}