{"Statistics":[{"numHomes":40439,"grossLossRatio":0.027448749969089244,"netLossRatio":0.03921249995584178,"totalPayout":55500,"avgPayout":5045.454545454545,"maxPayout":7500,"numPayouts":11}]}