{"Statistics":[{"numHomes":38385,"grossLossRatio":0.9892753245625462,"netLossRatio":1.4132504636607803,"totalPayout":5696000,"avgPayout":2006.3402606551604,"maxPayout":5000,"numPayouts":2839}]}