{"Statistics":[{"numHomes":38385,"grossLossRatio":-0.6559419912292128,"netLossRatio":-0.6559419912292128,"totalPayout":5696000,"avgPayout":2006.3402606551604,"maxPayout":5000}]}