{"Statistics":[{"numHomes":38385,"grossLossRatio":0.76357952325127,"netLossRatio":1.0908278903589572,"totalPayout":1465500,"avgPayout":2718.9239332096477,"maxPayout":7500,"numPayouts":539}]}