{"Statistics":[{"numHomes":50023,"grossLossRatio":0.22429682346120786,"netLossRatio":0.32042403351601123,"totalPayout":561000,"avgPayout":6032.258064516129,"maxPayout":10000,"numPayouts":93}]}