{"Statistics":[{"numHomes":38385,"grossLossRatio":0.25400547088706527,"netLossRatio":0.36286495841009325,"totalPayout":487500,"avgPayout":4028.9256198347107,"maxPayout":7500,"numPayouts":121}]}