{"Statistics":[{"numHomes":38385,"grossLossRatio":9.936172984238635,"netLossRatio":14.194532834626623,"totalPayout":19070000,"avgPayout":2412.092081963066,"maxPayout":5000,"numPayouts":7906}]}