{"Statistics":[{"numHomes":38385,"grossLossRatio":1.3588641396378793,"netLossRatio":1.9412344851969705,"totalPayout":2608000,"avgPayout":6687.179487179487,"maxPayout":15000,"numPayouts":390}]}