{"Statistics":[{"numHomes":38385,"grossLossRatio":0.43141852286049237,"netLossRatio":0.6163121755149892,"totalPayout":828000,"avgPayout":3172.4137931034484,"maxPayout":10000,"numPayouts":261}]}