{"Statistics":[{"numHomes":41274,"grossLossRatio":0.13470950235014778,"netLossRatio":0.19244214621449685,"totalPayout":278000,"avgPayout":4633.333333333333,"maxPayout":10000,"numPayouts":60}]}