{"Statistics":[{"numHomes":41274,"grossLossRatio":0.005814798662596307,"netLossRatio":0.00830685523228044,"totalPayout":12000,"avgPayout":2000,"maxPayout":2000,"numPayouts":6}]}