{"Statistics":[{"numHomes":41274,"grossLossRatio":0.020351795319087075,"netLossRatio":0.02907399331298154,"totalPayout":42000,"avgPayout":4200,"maxPayout":7500,"numPayouts":10}]}