{"Statistics":[{"numHomes":41274,"grossLossRatio":0.0077530648834617435,"netLossRatio":0.01107580697637392,"totalPayout":16000,"avgPayout":3200,"maxPayout":5000,"numPayouts":5}]}