{"Statistics":[{"numHomes":41274,"grossLossRatio":0.0009691331104327179,"netLossRatio":0.00138447587204674,"totalPayout":2000,"avgPayout":2000,"maxPayout":2000,"numPayouts":1}]}