{"Statistics":[{"numHomes":41274,"grossLossRatio":0.057905703348354896,"netLossRatio":0.08272243335479272,"totalPayout":119500,"avgPayout":5195.652173913043,"maxPayout":10000,"numPayouts":23}]}