{"Statistics":[{"numHomes":41274,"grossLossRatio":0.05402917090662403,"netLossRatio":0.07718452986660576,"totalPayout":111500,"avgPayout":2103.7735849056603,"maxPayout":7500,"numPayouts":53}]}