{"Statistics":[{"numHomes":35848,"grossLossRatio":0.26110243249274717,"netLossRatio":0.3730034749896388,"totalPayout":468000,"avgPayout":3342.8571428571427,"maxPayout":10000,"numPayouts":140}]}