{"Statistics":[{"numHomes":35848,"grossLossRatio":0.03133601130699992,"netLossRatio":0.04476573043857132,"totalPayout":168500,"avgPayout":2106.25,"maxPayout":7500}]}