{"Statistics":[{"numHomes":35848,"grossLossRatio":0.05411738451238563,"netLossRatio":0.07731054930340805,"totalPayout":97000,"avgPayout":3344.8275862068967,"maxPayout":5000,"numPayouts":29}]}