{"Statistics":[{"numHomes":35848,"grossLossRatio":1.4550323588484713,"netLossRatio":2.0786176554978164,"totalPayout":2608000,"avgPayout":6687.179487179487,"maxPayout":15000,"numPayouts":390}]}