{"Statistics":[{"numHomes":35848,"grossLossRatio":0.30266681544298146,"netLossRatio":0.43238116491854495,"totalPayout":542500,"avgPayout":3690.4761904761904,"maxPayout":7500,"numPayouts":147}]}