{"Statistics":[{"numHomes":41274,"grossLossRatio":0.049910355187284976,"netLossRatio":0.07130050741040711,"totalPayout":103000,"avgPayout":4904.761904761905,"maxPayout":7500,"numPayouts":21}]}