{"Statistics":[{"numHomes":35848,"grossLossRatio":0.3019973220263334,"netLossRatio":0.3019973220263334,"totalPayout":168500,"avgPayout":2106.25,"maxPayout":7500}]}