{"Statistics":[{"numHomes":35848,"grossLossRatio":0.04965409506806517,"netLossRatio":0.07093442152580738,"totalPayout":89000,"avgPayout":2696.969696969697,"maxPayout":7500,"numPayouts":33}]}