{"Statistics":[{"numHomes":39217,"grossLossRatio":0.03493382971670449,"netLossRatio":0.04990547102386356,"totalPayout":68500,"avgPayout":2854.1666666666665,"maxPayout":7500,"numPayouts":24}]}