{"Statistics":[{"numHomes":28967,"grossLossRatio":0.10322090654883143,"netLossRatio":0.14745843792690205,"totalPayout":149500,"avgPayout":2411.2903225806454,"maxPayout":10000,"numPayouts":62}]}