{"Statistics":[{"numHomes":39217,"grossLossRatio":0.014279521636025192,"netLossRatio":0.020399316622893134,"totalPayout":28000,"avgPayout":2000,"maxPayout":2000,"numPayouts":14}]}