{"Statistics":[{"numHomes":39217,"grossLossRatio":0.09842670270545936,"netLossRatio":0.1406095752935134,"totalPayout":193000,"avgPayout":2244.186046511628,"maxPayout":5000,"numPayouts":86}]}