{"Statistics":[{"numHomes":28967,"grossLossRatio":0.03590292401698485,"netLossRatio":0.051289891452835495,"totalPayout":156000,"avgPayout":2888.8888888888887,"maxPayout":5000,"numPayouts":54}]}