{"Statistics":[{"numHomes":39217,"grossLossRatio":0.01529948746716985,"netLossRatio":0.0218564106673855,"totalPayout":30000,"avgPayout":2500,"maxPayout":5000,"numPayouts":12}]}