{"Statistics":[{"numHomes":39217,"grossLossRatio":0.0010199658311446566,"netLossRatio":0.0014570940444923667,"totalPayout":2000,"avgPayout":2000,"maxPayout":2000,"numPayouts":1}]}