{"Statistics":[{"numHomes":28967,"grossLossRatio":0.05316394517899679,"netLossRatio":0.07594849311285255,"totalPayout":77000,"avgPayout":3500,"maxPayout":5000,"numPayouts":22}]}