{"Statistics":[{"numHomes":39217,"grossLossRatio":0.0045898462401509545,"netLossRatio":0.00655692320021565,"totalPayout":9000,"avgPayout":3000,"maxPayout":5000,"numPayouts":3}]}