{"Statistics":[{"numHomes":39217,"grossLossRatio":0.005099829155723283,"netLossRatio":0.007285470222461834,"totalPayout":10000,"avgPayout":2000,"maxPayout":2000,"numPayouts":5}]}