{"Statistics":[{"numHomes":39217,"grossLossRatio":0.041818599076930925,"netLossRatio":0.05974085582418704,"totalPayout":82000,"avgPayout":3153.846153846154,"maxPayout":5000,"numPayouts":26}]}