{"Statistics":[{"numHomes":28967,"grossLossRatio":0.7812338177926607,"netLossRatio":1.1160483111323725,"totalPayout":1131500,"avgPayout":2649.8829039812645,"maxPayout":7500,"numPayouts":427}]}