{"Statistics":[{"numHomes":28967,"grossLossRatio":0.0372838057099458,"netLossRatio":0.05326257958563686,"totalPayout":54000,"avgPayout":2250,"maxPayout":5000,"numPayouts":24}]}