{"Statistics":[{"numHomes":39217,"grossLossRatio":0.021674273911823954,"netLossRatio":0.030963248445462794,"totalPayout":42500,"avgPayout":4250,"maxPayout":7500,"numPayouts":10}]}