{"Statistics":[{"numHomes":28967,"grossLossRatio":0.2974304093163485,"netLossRatio":0.2974304093163485,"totalPayout":156000,"avgPayout":2888.8888888888887,"maxPayout":5000}]}