{"Statistics":[{"numHomes":28967,"grossLossRatio":0.280318983671074,"netLossRatio":0.40045569095867717,"totalPayout":406000,"avgPayout":3123.076923076923,"maxPayout":10000,"numPayouts":130}]}