{"Statistics":[{"numHomes":28967,"grossLossRatio":0.017951462008492423,"netLossRatio":0.025644945726417748,"totalPayout":26000,"avgPayout":3714.285714285714,"maxPayout":5000,"numPayouts":7}]}