{"Statistics":[{"numHomes":39217,"grossLossRatio":0.010709641227018896,"netLossRatio":0.015299487467169852,"totalPayout":21000,"avgPayout":2333.3333333333335,"maxPayout":5000,"numPayouts":9}]}