{"Statistics":[{"numHomes":41134,"grossLossRatio":0.217338454806243,"netLossRatio":0.31048350686606146,"totalPayout":447000,"avgPayout":2660.714285714286,"maxPayout":5000,"numPayouts":168}]}