{"Statistics":[{"numHomes":37392,"grossLossRatio":0.025673940949935817,"netLossRatio":0.036677058499908315,"totalPayout":48000,"avgPayout":2666.6666666666665,"maxPayout":5000,"numPayouts":18}]}