{"Statistics":[{"numHomes":41134,"grossLossRatio":0.027714299606165217,"netLossRatio":0.03959185658023603,"totalPayout":57000,"avgPayout":3166.6666666666665,"maxPayout":5000,"numPayouts":18}]}