{"Statistics":[{"numHomes":37392,"grossLossRatio":10.33242404792469,"netLossRatio":14.760605782749558,"totalPayout":19317500,"avgPayout":2420.7393483709275,"maxPayout":7500,"numPayouts":7980}]}