{"Statistics":[{"numHomes":37392,"grossLossRatio":0.107687918984453,"netLossRatio":0.15383988426350428,"totalPayout":604000,"avgPayout":2323.076923076923,"maxPayout":5000,"numPayouts":260}]}