{"Statistics":[{"numHomes":41134,"grossLossRatio":0.11426070890261097,"netLossRatio":0.16322958414658711,"totalPayout":235000,"avgPayout":3560.6060606060605,"maxPayout":7500,"numPayouts":66}]}