{"Statistics":[{"numHomes":41134,"grossLossRatio":0.035979967909758354,"netLossRatio":0.05139995415679765,"totalPayout":74000,"avgPayout":2000,"maxPayout":2000,"numPayouts":37}]}