{"Statistics":[{"numHomes":41134,"grossLossRatio":0.008265668303593135,"netLossRatio":0.011808097576561623,"totalPayout":17000,"avgPayout":2428.5714285714284,"maxPayout":5000,"numPayouts":7}]}