{"Statistics":[{"numHomes":41134,"grossLossRatio":0.10016045120824622,"netLossRatio":0.14308635886892318,"totalPayout":206000,"avgPayout":2060,"maxPayout":5000,"numPayouts":100}]}