{"Statistics":[{"numHomes":41134,"grossLossRatio":0.03695239947488695,"netLossRatio":0.052789142106981365,"totalPayout":76000,"avgPayout":2171.4285714285716,"maxPayout":5000,"numPayouts":35}]}