{"Statistics":[{"numHomes":41134,"grossLossRatio":0.011669178781543249,"netLossRatio":0.016670255402204643,"totalPayout":24000,"avgPayout":2000,"maxPayout":2000,"numPayouts":12}]}