{"Statistics":[{"numHomes":41134,"grossLossRatio":0.012641610346671854,"netLossRatio":0.018059443352388363,"totalPayout":26000,"avgPayout":2000,"maxPayout":2000,"numPayouts":13}]}