{"Statistics":[{"numHomes":41134,"grossLossRatio":0.16263917926775903,"netLossRatio":0.23234168466822722,"totalPayout":334500,"avgPayout":4030.120481927711,"maxPayout":7500,"numPayouts":83}]}