{"Statistics":[{"numHomes":37392,"grossLossRatio":0.3578305519897304,"netLossRatio":0.511186502842472,"totalPayout":669000,"avgPayout":2947.136563876652,"maxPayout":10000,"numPayouts":227}]}