{"Statistics":[{"numHomes":41134,"grossLossRatio":0.059561433364126996,"netLossRatio":0.08508776194875285,"totalPayout":122500,"avgPayout":2916.6666666666665,"maxPayout":7500,"numPayouts":42}]}