{"Statistics":[{"numHomes":37392,"grossLossRatio":1.3949507916131794,"netLossRatio":1.992786845161685,"totalPayout":2608000,"avgPayout":6687.179487179487,"maxPayout":15000,"numPayouts":390}]}