{"Statistics":[{"numHomes":37392,"grossLossRatio":0.22564541434888033,"netLossRatio":0.22564541434888033,"totalPayout":604000,"avgPayout":2323.076923076923,"maxPayout":5000}]}