{"Statistics":[{"numHomes":37392,"grossLossRatio":0.42656183140778775,"netLossRatio":0.6093740448682683,"totalPayout":797500,"avgPayout":2986.8913857677903,"maxPayout":7500,"numPayouts":267}]}