{"Statistics":[{"numHomes":35396,"grossLossRatio":0.2878479677553019,"netLossRatio":0.2878479677553019,"totalPayout":241500,"avgPayout":2909.6385542168673,"maxPayout":7500}]}