{"Statistics":[{"numHomes":39594,"grossLossRatio":0.07198060312168511,"netLossRatio":0.10282943303097873,"totalPayout":142500,"avgPayout":4913.793103448276,"maxPayout":7500,"numPayouts":29}]}