{"Statistics":[{"numHomes":35396,"grossLossRatio":0.5670132218329754,"netLossRatio":0.8100188883328221,"totalPayout":1003500,"avgPayout":2960.1769911504425,"maxPayout":10000,"numPayouts":339}]}