{"Statistics":[{"numHomes":28234,"grossLossRatio":0.1498193667209747,"netLossRatio":0.21402766674424958,"totalPayout":211500,"avgPayout":4067.3076923076924,"maxPayout":15000,"numPayouts":52}]}