{"Statistics":[{"numHomes":35396,"grossLossRatio":0.045485365578031414,"netLossRatio":0.06497909368290203,"totalPayout":241500,"avgPayout":2909.6385542168673,"maxPayout":7500}]}