{"Statistics":[{"numHomes":39594,"grossLossRatio":0.17729959084709804,"netLossRatio":0.25328512978156864,"totalPayout":351000,"avgPayout":2017.2413793103449,"maxPayout":5000,"numPayouts":174}]}