{"Statistics":[{"numHomes":28234,"grossLossRatio":1.2548700148756817,"netLossRatio":1.7926714498224026,"totalPayout":1771500,"avgPayout":2559.9710982658958,"maxPayout":7500,"numPayouts":692}]}