{"Statistics":[{"numHomes":28234,"grossLossRatio":0.1403036528063092,"netLossRatio":0.1403036528063092,"totalPayout":817500,"avgPayout":2523.1481481481483,"maxPayout":7500}]}