{"Statistics":[{"numHomes":35396,"grossLossRatio":0.08447282178777263,"netLossRatio":0.12067545969681805,"totalPayout":149500,"avgPayout":2411.2903225806454,"maxPayout":10000,"numPayouts":62}]}