{"Statistics":[{"numHomes":39594,"grossLossRatio":0.061120371773501034,"netLossRatio":0.0873148168192872,"totalPayout":121000,"avgPayout":4172.413793103448,"maxPayout":10000,"numPayouts":29}]}