{"Statistics":[{"numHomes":35396,"grossLossRatio":0.6139111764041134,"netLossRatio":0.8770159662915906,"totalPayout":1086500,"avgPayout":2676.1083743842364,"maxPayout":7500,"numPayouts":406}]}