{"Statistics":[{"numHomes":39869,"grossLossRatio":0.016052572173869423,"netLossRatio":0.022932245962670607,"totalPayout":32000,"avgPayout":2000,"maxPayout":2000,"numPayouts":16}]}