{"Statistics":[{"numHomes":39869,"grossLossRatio":0.0619528957335273,"netLossRatio":0.08850413676218187,"totalPayout":123500,"avgPayout":3337.837837837838,"maxPayout":7500,"numPayouts":37}]}