{"Statistics":[{"numHomes":39594,"grossLossRatio":0.13992018992776684,"netLossRatio":0.1998859856110955,"totalPayout":277000,"avgPayout":3644.7368421052633,"maxPayout":10000,"numPayouts":76}]}