{"Statistics":[{"numHomes":39594,"grossLossRatio":0.007829469111481538,"netLossRatio":0.011184955873545056,"totalPayout":15500,"avgPayout":3100,"maxPayout":7500,"numPayouts":5}]}