{"Statistics":[{"numHomes":39869,"grossLossRatio":0.0205673580977702,"netLossRatio":0.029381940139671714,"totalPayout":41000,"avgPayout":2562.5,"maxPayout":5000,"numPayouts":16}]}