{"Statistics":[{"numHomes":35396,"grossLossRatio":10.940501751610352,"netLossRatio":15.629288216586218,"totalPayout":19362500,"avgPayout":2421.8261413383366,"maxPayout":7500,"numPayouts":7995}]}