{"Statistics":[{"numHomes":39869,"grossLossRatio":0.08352353959216434,"netLossRatio":0.1193193422745205,"totalPayout":166500,"avgPayout":2107.5949367088606,"maxPayout":7500,"numPayouts":79}]}