{"Statistics":[{"numHomes":39594,"grossLossRatio":0.09193312117997676,"netLossRatio":0.13133303025710966,"totalPayout":182000,"avgPayout":5870.967741935484,"maxPayout":15000,"numPayouts":31}]}