{"Statistics":[{"numHomes":39869,"grossLossRatio":0.19639318768968372,"netLossRatio":0.28056169669954817,"totalPayout":391500,"avgPayout":2558.823529411765,"maxPayout":7500,"numPayouts":153}]}