{"Statistics":[{"numHomes":39594,"grossLossRatio":0.08385108854877002,"netLossRatio":0.11978726935538575,"totalPayout":166000,"avgPayout":2075,"maxPayout":5000,"numPayouts":80}]}