{"Statistics":[{"numHomes":39594,"grossLossRatio":0.5134616356013537,"netLossRatio":0.7335166222876482,"totalPayout":1016500,"avgPayout":3365.8940397350993,"maxPayout":10000,"numPayouts":302}]}