{"Statistics":[{"numHomes":35396,"grossLossRatio":0.11639733303198102,"netLossRatio":0.16628190433140147,"totalPayout":206000,"avgPayout":2746.6666666666665,"maxPayout":7500,"numPayouts":75}]}