{"Statistics":[{"numHomes":39594,"grossLossRatio":0.13259584785573572,"netLossRatio":0.1894226397939082,"totalPayout":262500,"avgPayout":3162.6506024096384,"maxPayout":7500,"numPayouts":83}]}