{"Statistics":[{"numHomes":39869,"grossLossRatio":0.0258346083423211,"netLossRatio":0.036906583346173,"totalPayout":51500,"avgPayout":5722.222222222223,"maxPayout":7500,"numPayouts":9}]}