{"Statistics":[{"numHomes":28234,"grossLossRatio":0.19302968052702416,"netLossRatio":0.2757566864671774,"totalPayout":817500,"avgPayout":2523.1481481481483,"maxPayout":7500}]}