{"Statistics":[{"numHomes":39594,"grossLossRatio":0.19119058443198464,"netLossRatio":0.27312940633140664,"totalPayout":378500,"avgPayout":3942.7083333333335,"maxPayout":7500,"numPayouts":96}]}