{"Statistics":[{"numHomes":28234,"grossLossRatio":0.08783735921229723,"netLossRatio":0.12548194173185317,"totalPayout":124000,"avgPayout":2883.720930232558,"maxPayout":7500,"numPayouts":43}]}