{"Statistics":[{"numHomes":39869,"grossLossRatio":0.004514785923900775,"netLossRatio":0.006449694177001107,"totalPayout":9000,"avgPayout":3000,"maxPayout":5000,"numPayouts":3}]}