{"Statistics":[{"numHomes":39594,"grossLossRatio":0.04015759963630853,"netLossRatio":0.05736799948044076,"totalPayout":79500,"avgPayout":3057.6923076923076,"maxPayout":7500,"numPayouts":26}]}