{"Statistics":[{"numHomes":28234,"grossLossRatio":0.4009350428561309,"netLossRatio":0.5727643469373299,"totalPayout":566000,"avgPayout":3043.010752688172,"maxPayout":10000,"numPayouts":186}]}