{"Statistics":[{"numHomes":28234,"grossLossRatio":19.149606856980945,"netLossRatio":27.356581224258495,"totalPayout":27033500,"avgPayout":2361.210586077387,"maxPayout":10000,"numPayouts":11449}]}