{"Statistics":[{"numHomes":39869,"grossLossRatio":0.04263964483684065,"netLossRatio":0.06091377833834379,"totalPayout":85000,"avgPayout":3269.230769230769,"maxPayout":5000,"numPayouts":26}]}