{"Statistics":[{"numHomes":39869,"grossLossRatio":0.012039429130402067,"netLossRatio":0.017199184472002953,"totalPayout":24000,"avgPayout":2000,"maxPayout":2000,"numPayouts":12}]}