{"Statistics":[{"numHomes":35396,"grossLossRatio":2.2567521753870494,"netLossRatio":3.2239316791243566,"totalPayout":3994000,"avgPayout":6515.4975530179445,"maxPayout":15000,"numPayouts":613}]}