{"Statistics":[{"numHomes":39157,"grossLossRatio":0.006129172306356462,"netLossRatio":0.00875596043765209,"totalPayout":12000,"avgPayout":4000,"maxPayout":5000,"numPayouts":3}]}