{"Statistics":[{"numHomes":39157,"grossLossRatio":0.008682994100671654,"netLossRatio":0.012404277286673792,"totalPayout":17000,"avgPayout":2428.5714285714284,"maxPayout":5000,"numPayouts":7}]}