{"Statistics":[{"numHomes":38198,"grossLossRatio":0.004014171771645985,"netLossRatio":0.005734531102351408,"totalPayout":23000,"avgPayout":3285.714285714286,"maxPayout":5000}]}