{"Statistics":[{"numHomes":39157,"grossLossRatio":0.015322930765891156,"netLossRatio":0.021889901094130224,"totalPayout":30000,"avgPayout":6000,"maxPayout":10000,"numPayouts":5}]}