{"Statistics":[{"numHomes":38198,"grossLossRatio":0.028273731608984765,"netLossRatio":0.04039104515569252,"totalPayout":54000,"avgPayout":2250,"maxPayout":5000,"numPayouts":24}]}