{"Statistics":[{"numHomes":38198,"grossLossRatio":0.051835174616472066,"netLossRatio":0.07405024945210295,"totalPayout":99000,"avgPayout":3300,"maxPayout":5000,"numPayouts":30}]}