{"Statistics":[{"numHomes":39157,"grossLossRatio":0.09449140638966214,"netLossRatio":0.13498772341380305,"totalPayout":185000,"avgPayout":2605.6338028169016,"maxPayout":10000,"numPayouts":71}]}