{"Statistics":[{"numHomes":38198,"grossLossRatio":0.43353055133776636,"netLossRatio":0.6193293590539519,"totalPayout":828000,"avgPayout":3172.4137931034484,"maxPayout":10000,"numPayouts":261}]}