{"Statistics":[{"numHomes":38198,"grossLossRatio":0.32931916156168733,"netLossRatio":0.32931916156168733,"totalPayout":23000,"avgPayout":3285.714285714286,"maxPayout":5000}]}