{"Statistics":[{"numHomes":38198,"grossLossRatio":0.2552489659144458,"netLossRatio":0.3646413798777797,"totalPayout":487500,"avgPayout":4028.9256198347107,"maxPayout":7500,"numPayouts":121}]}