{"Statistics":[{"numHomes":39157,"grossLossRatio":0.08529764793012744,"netLossRatio":0.12185378275732492,"totalPayout":167000,"avgPayout":3408.1632653061224,"maxPayout":5000,"numPayouts":49}]}