{"Statistics":[{"numHomes":39157,"grossLossRatio":0.022984396148836735,"netLossRatio":0.03283485164119534,"totalPayout":45000,"avgPayout":2142.8571428571427,"maxPayout":5000,"numPayouts":21}]}