{"Statistics":[{"numHomes":39157,"grossLossRatio":0.001021528717726077,"netLossRatio":0.0014593267396086815,"totalPayout":2000,"avgPayout":2000,"maxPayout":2000,"numPayouts":1}]}