{"Statistics":[{"numHomes":41305,"grossLossRatio":0.03195739014647137,"netLossRatio":0.045653414494959105,"totalPayout":66000,"avgPayout":2000,"maxPayout":2000,"numPayouts":33}]}