{"Statistics":[{"numHomes":41305,"grossLossRatio":0.00484202881007142,"netLossRatio":0.0069171840143877426,"totalPayout":10000,"avgPayout":2000,"maxPayout":2000,"numPayouts":5}]}