{"Statistics":[{"numHomes":31990,"grossLossRatio":0.07627383557361675,"netLossRatio":0.10896262224802393,"totalPayout":122000,"avgPayout":2904.7619047619046,"maxPayout":7500,"numPayouts":42}]}