{"Statistics":[{"numHomes":41305,"grossLossRatio":0.001936811524028568,"netLossRatio":0.0027668736057550975,"totalPayout":4000,"avgPayout":2000,"maxPayout":2000,"numPayouts":2}]}