{"Statistics":[{"numHomes":31990,"grossLossRatio":0.1734917161613004,"netLossRatio":0.24784530880185773,"totalPayout":832500,"avgPayout":5741.379310344828,"maxPayout":10000,"numPayouts":145}]}