{"Statistics":[{"numHomes":31990,"grossLossRatio":12.193497968115036,"netLossRatio":17.41928281159291,"totalPayout":19503500,"avgPayout":2418.5887896825398,"maxPayout":7500,"numPayouts":8064}]}