{"Statistics":[{"numHomes":41305,"grossLossRatio":0.010168260501149981,"netLossRatio":0.014526086430214259,"totalPayout":21000,"avgPayout":3500,"maxPayout":5000,"numPayouts":6}]}