{"Statistics":[{"numHomes":31990,"grossLossRatio":0.37668021256642703,"netLossRatio":0.5381145893806101,"totalPayout":602500,"avgPayout":3403.954802259887,"maxPayout":7500,"numPayouts":177}]}