{"Statistics":[{"numHomes":41305,"grossLossRatio":0.010652463382157125,"netLossRatio":0.015217804831653036,"totalPayout":22000,"avgPayout":2750,"maxPayout":5000,"numPayouts":8}]}