{"Statistics":[{"numHomes":31990,"grossLossRatio":0.09346670834635824,"netLossRatio":0.13352386906622607,"totalPayout":149500,"avgPayout":2411.2903225806454,"maxPayout":10000,"numPayouts":62}]}