{"Statistics":[{"numHomes":41305,"grossLossRatio":0.00968405762014284,"netLossRatio":0.013834368028775485,"totalPayout":20000,"avgPayout":2000,"maxPayout":2000,"numPayouts":10}]}