{"Statistics":[{"numHomes":31990,"grossLossRatio":0.15984161717203293,"netLossRatio":0.15984161717203293,"totalPayout":832500,"avgPayout":5741.379310344828,"maxPayout":10000}]}