{"Statistics":[{"numHomes":31990,"grossLossRatio":1.6305095342294467,"netLossRatio":2.3292993346134954,"totalPayout":2608000,"avgPayout":6687.179487179487,"maxPayout":15000,"numPayouts":390}]}