{"Statistics":[{"numHomes":41305,"grossLossRatio":0.5510228785861276,"netLossRatio":0.7871755408373252,"totalPayout":1138000,"avgPayout":7536.423841059603,"maxPayout":10000,"numPayouts":151}]}