{"Statistics":[{"numHomes":41305,"grossLossRatio":0.002905217286042852,"netLossRatio":0.004150310408632646,"totalPayout":6000,"avgPayout":2000,"maxPayout":2000,"numPayouts":3}]}