{"Statistics":[{"numHomes":31990,"grossLossRatio":0.05939356048765239,"netLossRatio":0.08484794355378913,"totalPayout":95000,"avgPayout":3166.6666666666665,"maxPayout":7500,"numPayouts":30}]}