{"Statistics":[{"numHomes":29212,"grossLossRatio":0.3305947327582272,"netLossRatio":0.3305947327582272,"totalPayout":12000,"avgPayout":2000,"maxPayout":2000}]}