{"Statistics":[{"numHomes":36604,"grossLossRatio":0.8007321604196262,"netLossRatio":1.1439030863137518,"totalPayout":1465500,"avgPayout":2718.9239332096477,"maxPayout":7500,"numPayouts":539}]}