{"Statistics":[{"numHomes":36604,"grossLossRatio":0.08168506174188614,"netLossRatio":0.11669294534555164,"totalPayout":149500,"avgPayout":2411.2903225806454,"maxPayout":10000,"numPayouts":62}]}