{"Statistics":[{"numHomes":36604,"grossLossRatio":0.26636433176702,"netLossRatio":0.38052047395288574,"totalPayout":487500,"avgPayout":4028.9256198347107,"maxPayout":7500,"numPayouts":121}]}