{"Statistics":[{"numHomes":29212,"grossLossRatio":0.32717148203934454,"netLossRatio":0.32717148203934454,"totalPayout":27000,"avgPayout":2250,"maxPayout":5000}]}