{"Statistics":[{"numHomes":36604,"grossLossRatio":10.445306523877171,"netLossRatio":14.921866462681674,"totalPayout":19117000,"avgPayout":2414.067432756661,"maxPayout":5000,"numPayouts":7919}]}