{"Statistics":[{"numHomes":36604,"grossLossRatio":0.08286890321640622,"netLossRatio":0.1183841474520089,"totalPayout":455000,"avgPayout":2433.1550802139036,"maxPayout":7500}]}