{"Statistics":[{"numHomes":36604,"grossLossRatio":2.18227516118457,"netLossRatio":3.1175359445493855,"totalPayout":3994000,"avgPayout":6515.4975530179445,"maxPayout":15000,"numPayouts":613}]}