{"Statistics":[{"numHomes":36604,"grossLossRatio":1.106436455032237,"netLossRatio":1.58062350718891,"totalPayout":2025000,"avgPayout":3443.877551020408,"maxPayout":15000,"numPayouts":588}]}