{"Statistics":[{"numHomes":29212,"grossLossRatio":0.3315075996165959,"netLossRatio":0.3315075996165959,"totalPayout":8000,"avgPayout":2000,"maxPayout":2000}]}