{"Statistics":[{"numHomes":36604,"grossLossRatio":0.2504644301169271,"netLossRatio":0.2504644301169271,"totalPayout":455000,"avgPayout":2433.1550802139036,"maxPayout":7500}]}