{"Statistics":[{"numHomes":30263,"grossLossRatio":0.007269603145755543,"netLossRatio":0.010385147351079349,"totalPayout":33000,"avgPayout":2200,"maxPayout":5000}]}