{"Statistics":[{"numHomes":41496,"grossLossRatio":0.031810294968189705,"netLossRatio":0.045443278525985294,"totalPayout":66000,"avgPayout":2000,"maxPayout":2000,"numPayouts":33}]}