{"Statistics":[{"numHomes":41496,"grossLossRatio":0.07542895700790438,"netLossRatio":0.10775565286843483,"totalPayout":156500,"avgPayout":3477.777777777778,"maxPayout":7500,"numPayouts":45}]}