{"Statistics":[{"numHomes":41496,"grossLossRatio":0.004337767495662233,"netLossRatio":0.006196810708088904,"totalPayout":9000,"avgPayout":3000,"maxPayout":5000,"numPayouts":3}]}