{"Statistics":[{"numHomes":41496,"grossLossRatio":0.013977250819356083,"netLossRatio":0.019967501170508693,"totalPayout":29000,"avgPayout":2900,"maxPayout":5000,"numPayouts":10}]}