{"Statistics":[{"numHomes":30263,"grossLossRatio":0.9685094009186135,"netLossRatio":1.3835848584551622,"totalPayout":1465500,"avgPayout":2718.9239332096477,"maxPayout":7500,"numPayouts":539}]}