{"Statistics":[{"numHomes":30263,"grossLossRatio":0.08062650761656148,"netLossRatio":0.11518072516651641,"totalPayout":122000,"avgPayout":2904.7619047619046,"maxPayout":7500,"numPayouts":42}]}