{"Statistics":[{"numHomes":30263,"grossLossRatio":0.3260637301875778,"netLossRatio":0.3260637301875778,"totalPayout":33000,"avgPayout":2200,"maxPayout":5000}]}