{"Statistics":[{"numHomes":30263,"grossLossRatio":0.06410468228529888,"netLossRatio":0.09157811755042697,"totalPayout":97000,"avgPayout":3344.8275862068967,"maxPayout":5000,"numPayouts":29}]}