{"Statistics":[{"numHomes":30263,"grossLossRatio":0.06278293625879787,"netLossRatio":0.08968990894113982,"totalPayout":95000,"avgPayout":3166.6666666666665,"maxPayout":7500,"numPayouts":30}]}