{"Statistics":[{"numHomes":41496,"grossLossRatio":0.000963948332369385,"netLossRatio":0.0013770690462419786,"totalPayout":2000,"avgPayout":2000,"maxPayout":2000,"numPayouts":1}]}