{"Statistics":[{"numHomes":30263,"grossLossRatio":0.017182698344513102,"netLossRatio":0.024546711920733003,"totalPayout":26000,"avgPayout":2000,"maxPayout":2000,"numPayouts":13}]}