{"Statistics":[{"numHomes":41496,"grossLossRatio":0.012049354154617312,"netLossRatio":0.01721336307802473,"totalPayout":25000,"avgPayout":3125,"maxPayout":5000,"numPayouts":8}]}