{"Statistics":[{"numHomes":40712,"grossLossRatio":0.049616820593436826,"netLossRatio":0.07088117227633833,"totalPayout":101000,"avgPayout":2195.6521739130435,"maxPayout":5000,"numPayouts":46}]}