{"Statistics":[{"numHomes":40712,"grossLossRatio":0.010807624287679308,"netLossRatio":0.015439463268113298,"totalPayout":22000,"avgPayout":2750,"maxPayout":5000,"numPayouts":8}]}