{"Statistics":[{"numHomes":29806,"grossLossRatio":0.5555928336576528,"netLossRatio":0.7937040480823612,"totalPayout":828000,"avgPayout":3172.4137931034484,"maxPayout":10000,"numPayouts":261}]}