{"Statistics":[{"numHomes":29806,"grossLossRatio":0.7592431054150172,"netLossRatio":1.084633007735739,"totalPayout":1131500,"avgPayout":2649.8829039812645,"maxPayout":7500,"numPayouts":427}]}