{"Statistics":[{"numHomes":40712,"grossLossRatio":0.3952151699744547,"netLossRatio":0.5645930999635068,"totalPayout":804500,"avgPayout":4125.641025641025,"maxPayout":10000,"numPayouts":195}]}