{"Statistics":[{"numHomes":29806,"grossLossRatio":0.05032543783130913,"netLossRatio":0.07189348261615591,"totalPayout":225000,"avgPayout":2343.75,"maxPayout":5000,"numPayouts":96}]}