{"Statistics":[{"numHomes":40712,"grossLossRatio":0.008842601689919434,"netLossRatio":0.012632288128456336,"totalPayout":18000,"avgPayout":2000,"maxPayout":2000,"numPayouts":9}]}