{"Statistics":[{"numHomes":40712,"grossLossRatio":0.03537040675967774,"netLossRatio":0.050529152513825344,"totalPayout":72000,"avgPayout":2000,"maxPayout":2000,"numPayouts":36}]}