{"Statistics":[{"numHomes":29806,"grossLossRatio":0.03623431523854258,"netLossRatio":0.051763307483632254,"totalPayout":54000,"avgPayout":2250,"maxPayout":5000,"numPayouts":24}]}