{"Statistics":[{"numHomes":40712,"grossLossRatio":0.016702692080958932,"netLossRatio":0.02386098868708419,"totalPayout":34000,"avgPayout":5666.666666666667,"maxPayout":10000,"numPayouts":6}]}