{"Statistics":[{"numHomes":29806,"grossLossRatio":13.49292088841173,"netLossRatio":19.275601269159615,"totalPayout":20108500,"avgPayout":2448.6726741354114,"maxPayout":10000,"numPayouts":8212}]}