{"Statistics":[{"numHomes":40712,"grossLossRatio":0.049125564943996856,"netLossRatio":0.07017937849142408,"totalPayout":100000,"avgPayout":2000,"maxPayout":2000,"numPayouts":50}]}