{"Statistics":[{"numHomes":29806,"grossLossRatio":0.027511239347782327,"netLossRatio":0.0393017704968319,"totalPayout":41000,"avgPayout":2157.8947368421054,"maxPayout":5000,"numPayouts":19}]}