{"Statistics":[{"numHomes":40712,"grossLossRatio":0.038809196305757514,"netLossRatio":0.055441709008225024,"totalPayout":79000,"avgPayout":2257.1428571428573,"maxPayout":5000,"numPayouts":35}]}