{"Statistics":[{"numHomes":40712,"grossLossRatio":0.012772646885439182,"netLossRatio":0.01824663840777026,"totalPayout":26000,"avgPayout":3714.285714285714,"maxPayout":5000,"numPayouts":7}]}