{"Statistics":[{"numHomes":29806,"grossLossRatio":0.2830078955020242,"netLossRatio":0.2830078955020242,"totalPayout":225000,"avgPayout":2343.75,"maxPayout":5000}]}