{"Statistics":[{"numHomes":29806,"grossLossRatio":0.017446151781520498,"netLossRatio":0.02492307397360071,"totalPayout":26000,"avgPayout":3714.285714285714,"maxPayout":5000,"numPayouts":7}]}