{"Statistics":[{"numHomes":33409,"grossLossRatio":0.3606812535544314,"netLossRatio":0.5152589336491877,"totalPayout":602500,"avgPayout":3403.954802259887,"maxPayout":7500,"numPayouts":177}]}