{"Statistics":[{"numHomes":40001,"grossLossRatio":0.002999925001874953,"netLossRatio":0.004285607145535647,"totalPayout":6000,"avgPayout":2000,"maxPayout":2000,"numPayouts":3}]}