{"Statistics":[{"numHomes":40001,"grossLossRatio":0.014999625009374766,"netLossRatio":0.02142803572767824,"totalPayout":30000,"avgPayout":3333.3333333333335,"maxPayout":5000,"numPayouts":9}]}