{"Statistics":[{"numHomes":33409,"grossLossRatio":11.711814181807297,"netLossRatio":16.731163116867567,"totalPayout":19564000,"avgPayout":2421.8866055954445,"maxPayout":7500,"numPayouts":8078}]}