{"Statistics":[{"numHomes":33409,"grossLossRatio":0.2801640276572181,"netLossRatio":0.4002343252245973,"totalPayout":468000,"avgPayout":3342.8571428571427,"maxPayout":10000,"numPayouts":140}]}