{"Statistics":[{"numHomes":33409,"grossLossRatio":0.03232661857583286,"netLossRatio":0.04618088367976123,"totalPayout":54000,"avgPayout":2250,"maxPayout":5000,"numPayouts":24}]}