{"Statistics":[{"numHomes":40001,"grossLossRatio":0.07274818129546762,"netLossRatio":0.10392597327923946,"totalPayout":145500,"avgPayout":2204.5454545454545,"maxPayout":10000,"numPayouts":66}]}