{"Statistics":[{"numHomes":33409,"grossLossRatio":0.2918375288096022,"netLossRatio":0.41691075544228884,"totalPayout":487500,"avgPayout":4028.9256198347107,"maxPayout":7500,"numPayouts":121}]}