{"Statistics":[{"numHomes":40001,"grossLossRatio":0.003999900002499938,"netLossRatio":0.005714142860714197,"totalPayout":8000,"avgPayout":2000,"maxPayout":2000,"numPayouts":4}]}