{"Statistics":[{"numHomes":40001,"grossLossRatio":0.005999850003749906,"netLossRatio":0.008571214291071294,"totalPayout":12000,"avgPayout":2000,"maxPayout":2000,"numPayouts":6}]}