{"Statistics":[{"numHomes":40001,"grossLossRatio":0.0319992000199995,"netLossRatio":0.04571314288571358,"totalPayout":64000,"avgPayout":4571.428571428572,"maxPayout":5000,"numPayouts":14}]}