{"Statistics":[{"numHomes":40001,"grossLossRatio":0.007999800004999875,"netLossRatio":0.011428285721428394,"totalPayout":16000,"avgPayout":2000,"maxPayout":2000,"numPayouts":8}]}