{"Statistics":[{"numHomes":33409,"grossLossRatio":0.28274816167300226,"netLossRatio":0.28274816167300226,"totalPayout":253500,"avgPayout":2263.3928571428573,"maxPayout":7500}]}