{"Statistics":[{"numHomes":33409,"grossLossRatio":0.05058517166033105,"netLossRatio":0.07226453094333007,"totalPayout":253500,"avgPayout":2263.3928571428573,"maxPayout":7500,"numPayouts":112}]}