{"Statistics":[{"numHomes":30687,"grossLossRatio":0.5314954215139962,"netLossRatio":0.7592791735914232,"totalPayout":815500,"avgPayout":2954.710144927536,"maxPayout":7500,"numPayouts":276}]}