{"Statistics":[{"numHomes":30687,"grossLossRatio":0.32638142101432743,"netLossRatio":0.32638142101432743,"totalPayout":32000,"avgPayout":2000,"maxPayout":2000}]}