{"Statistics":[{"numHomes":30687,"grossLossRatio":12.664972138038909,"netLossRatio":18.092817340055586,"totalPayout":19432500,"avgPayout":2419.9875466998756,"maxPayout":7500,"numPayouts":8030}]}