{"Statistics":[{"numHomes":39827,"grossLossRatio":0.06176714289301228,"netLossRatio":0.08823877556144612,"totalPayout":123000,"avgPayout":2050,"maxPayout":5000,"numPayouts":60}]}