{"Statistics":[{"numHomes":39827,"grossLossRatio":0.02510859467195621,"netLossRatio":0.03586942095993745,"totalPayout":50000,"avgPayout":2000,"maxPayout":2000,"numPayouts":25}]}