{"Statistics":[{"numHomes":30687,"grossLossRatio":0.006951912319005877,"netLossRatio":0.009931303312865538,"totalPayout":32000,"avgPayout":2000,"maxPayout":2000}]}