{"Statistics":[{"numHomes":39827,"grossLossRatio":0.011047781655660732,"netLossRatio":0.015782545222372477,"totalPayout":22000,"avgPayout":2000,"maxPayout":2000,"numPayouts":11}]}