{"Statistics":[{"numHomes":39827,"grossLossRatio":0.06678886182740353,"netLossRatio":0.09541265975343362,"totalPayout":133000,"avgPayout":2660,"maxPayout":7500,"numPayouts":50}]}