{"Statistics":[{"numHomes":39827,"grossLossRatio":0.007030406508147739,"netLossRatio":0.010043437868782484,"totalPayout":14000,"avgPayout":2000,"maxPayout":2000,"numPayouts":7}]}