{"Statistics":[{"numHomes":30687,"grossLossRatio":0.0700622413399811,"netLossRatio":0.100088916199973,"totalPayout":107500,"avgPayout":2621.951219512195,"maxPayout":10000,"numPayouts":41}]}