{"Statistics":[{"numHomes":39827,"grossLossRatio":0.004017375147512994,"netLossRatio":0.005739107353589992,"totalPayout":8000,"avgPayout":2000,"maxPayout":2000,"numPayouts":4}]}