{"Statistics":[{"numHomes":39827,"grossLossRatio":0.012052125442538981,"netLossRatio":0.017217322060769976,"totalPayout":24000,"avgPayout":2000,"maxPayout":2000,"numPayouts":12}]}