{"Statistics":[{"numHomes":39827,"grossLossRatio":0.049463931503753736,"netLossRatio":0.07066275929107677,"totalPayout":98500,"avgPayout":2525.641025641026,"maxPayout":7500,"numPayouts":39}]}