{"Statistics":[{"numHomes":30687,"grossLossRatio":0.5396421937628312,"netLossRatio":0.7709174196611874,"totalPayout":828000,"avgPayout":3172.4137931034484,"maxPayout":10000,"numPayouts":261}]}